<?xml version="1.0" encoding="utf-8"?>
<!DOCTYPE root [
    <!ELEMENT root (type)*>
    <!ELEMENT type (domain)*>
    <!ATTLIST type id CDATA #REQUIRED>
    <!ELEMENT domain (tips)*>
    <!ATTLIST domain id CDATA #REQUIRED>
    <!ELEMENT tips (tip)+>
    <!ATTLIST tips id CDATA #REQUIRED>
    <!ELEMENT tip (#PCDATA)>
    <!ATTLIST tip name CDATA #REQUIRED>
    ]>
<!--说明：自定义自然语言生成文本，对接者只能增加，删除<tip>标签，修改name属性值-->
<!--请替换播报内容后，针对替换内容做相应的播报测试-->
<root>
    <!--导航领域-->
    <type id="tips">
        <domain id="global">
            <tips id="first_wakeup">
                <tip name="我在请讲"/>
            </tips>
            <tips id="hi">
                <tip name="你好啊"/>
                <tip name="请吩咐"/>
                <tip name="我在"/>
                <tip name="有什么需要"/>
                <tip name="有什么可以帮您"/>
                <tip name="您有什么需要"/>
                <tip name="我在，您有什么指示"/>
                <tip name="需要我为您做什么"/>
            </tips>

            <!--退出时的提示语-->
            <tips id="bye">
                <tip name="主人再见"/>
                <tip name="再见，随时为您服务哦"/>
                <tip name="已准备好随时为您服务"/>
            </tips>

            <!--没有识别到说话的提示语-->
            <tips id="silence">
                <tip name="没听清哦，能再说一遍吗"/>
                <tip name="没有听清哦，能重说一遍吗"/>
                <tip name="对不起，可以再说一遍吗"/>
                <tip name="你好像没有说话哦"/>
            </tips>

            <!--3次没有识别到说话的提示语-->
            <tips id="wakeup_again">
                <tip name="请重新唤醒使用其他功能"/>
            </tips>

            <tips id="repeat_again">
                <tip name="网络不给力, 请稍后再试"/>
                <tip name="网络不给力, 请检查网络"/>
            </tips>

            <!--没有网络时的提示语-->
            <tips id="network_abnomal">
                <tip name="网络条件不佳，请使用本地功能"/>
                <tip name="网络不给力,请使用本地功能"/>
                <tip name="网络不佳，请稍后再试"/>
            </tips>


            <!--超时-->
            <tips id="timeout">
                <tip name="对不起，查询失败"/>
                <tip name="对不起，数据获取失败"/>
            </tips>


            <!--列表展示界面，超出范围-->
            <tips id="page_over">
                <tip name="你可以说上一页，下一页"/>
                <tip name="只支持说上一页，下一页"/>
                <tip name="对不起，暂不支持此功能"/>
            </tips>

            <!--当前已经是第一页-->
            <tips id="page_over_pre">
                <tip name="当前已经是第一页"/>
            </tips>

            <!--当前已经是最后一页-->
            <tips id="page_over_next">
                <tip name="当前已经是最后一页"/>
            </tips>

            <!--对于不支持的说法的反馈语-->
            <tips id="tip_list">
                <tip name="对不起，暂不支持此功能"/>
                <tip name="对不起，还不支持这样的说法哦"/>
            </tips>

            <!--对于不支持的功能的反馈语-->
            <tips id="nosupport">
                <tip name="对不起，暂不支持此功能"/>
                <tip name="您说的太难了，我没听懂"/>
                <tip name="暂不支持此功能"/>
            </tips>

            <!--默认名称-->
            <tips id="name_default">
                <tip name="我叫小驰"/>
            </tips>

            <!--你是谁-->
            <tips id="name_two">
                <tip name="我的小名是%s，大名是%s"/>
                <tip name="你可以叫我%s，也可以叫我%s"/>
            </tips>

            <!--你是谁-->
            <tips id="name_one">
                <tip name="我是超级聪明的%s"/>
                <tip name="我是%s"/>
            </tips>

            <!--打断时的反馈-->
            <tips id="interrupt">
                <tip name="好的"/>
            </tips>
        </domain>
        <domain id="auth">
            <tips id="cloud_auth_failed">
                <tip name="语音云访问受限, 请联系服务商"/>
            </tips>
            <tips id="network_abnomal">
                <tip name="授权失败, 请检测网络"/>
            </tips>
            <tips id="authing">
                <tip name="授权未通过,请授权通过后再试"/>
            </tips>
        </domain>
        <domain id="stock">
            <!--查询股票失败-->
            <tips id="search_failed">
                <tip name="没有查到相关股票信息"/>
            </tips>
            <!--网络条件不佳-->
            <tips id="search_timeout">
                <tip name="网络条件不佳，没有查到相关股票信息"/>
            </tips>
            <!--不支持的说法-->
            <tips id="search_nosupport">
                <tip name="目前还不支持这种说法哦"/>
            </tips>
        </domain>
        <domain id="trafficstate">
            <!--路况查询失败-->
            <tips id="search_failed">
                <tip name="路况查询失败"/>
            </tips>
            <!--路况查询失败-->
            <tips id="search_timeout">
                <tip name="网络条件不佳，路况查询失败"/>
            </tips>
        </domain>
        <domain id="vehiclerestriction">
            <!--查询限行失败-->
            <tips id="search_failed">
                <tip name="查询限行失败，请换一种说法"/>
            </tips>
            <!--网络条件不佳-->
            <tips id="search_timeout">
                <tip name="网络条件不佳，限行查询失败"/>
            </tips>
        </domain>
        <domain id="weather">
            <!--天气查询失败-->
            <tips id="search_failed">
                <tip name="对不起，天气查询失败"/>
            </tips>
            <!--网络条件不佳-->
            <tips id="search_timeout">
                <tip name="网络条件不佳，天气查询失败"/>
            </tips>
        </domain>
        <domain id="wakeup">
            <!--当前不支持该命令-->
            <tips id="nosupport">
                <tip name="当前不支持该命令"/>
            </tips>
            <!--没有已经打开的音乐应用-->
            <tips id="nomusic">
                <tip name="没有已经打开的音乐应用"/>
            </tips>
            <!--暂无地图应用在前台-->
            <tips id="nomap">
                <tip name="暂无地图应用在前台"/>
            </tips>
            <!--导航中才支持的哦-->
            <tips id="nonavigation">
                <tip name="抱歉，导航中才支持的哦"/>
            </tips>
            <!--请先登录微信-->
            <tips id="nowechat">
                <tip name="请先登录微信"/>
            </tips>
            <!--重新规划躲避拥堵路线-->
            <tips id="route_avoidcongestion">
                <tip name="重新规划躲避拥堵路线,确定还是取消"/>
            </tips>
            <!--重新规划高速优先路线-->
            <tips id="route_highway">
                <tip name="重新规划高速优先路线,确定还是取消"/>
            </tips>
            <!--重新规划避免收费路线-->
            <tips id="route_savemoney">
                <tip name="重新规划避免收费路线,确定还是取消"/>
            </tips>
            <!--重新规划不走高速路线-->
            <tips id="route_nohighway">
                <tip name="重新规划不走高速路线,确定还是取消"/>
            </tips>
            <!--确定要退出导航吗-->
            <tips id="navigation_exit">
                <tip name="确定要退出导航吗"/>
            </tips>
        </domain>

        <domain id="tts">
            <tips id="female">
                <tip name="小女子等您很久了"/>
            </tips>
            <tips id="male">
                <tip name="老生恭候您多时了"/>
            </tips>
            <tips id="nosupport">
                <tip name="对不起，不支持该资源"/>
            </tips>
        </domain>
        <domain id="navi">
            <tips id="enter">
                <tip name="您要导航去哪里呢？"/>
                <tip name="请说您要去的地方！"/>
                <tip name="请问你要去哪？"/>
            </tips>
            <tips id="bye">
                <tip name="再见！"/>
            </tips>
            <tips id="overflow">
                <tip name="您的选择超出范围，请重新选择！"/>
                <tip name="请在可选范围内重新选择！"/>
            </tips>
            <!--设置家的位置-->
            <tips id="offer_home">
                <tip name="请问您的家在哪里？"/>
            </tips>
            <!--设置公司的位置-->
            <tips id="offer_company">
                <tip name="请问您的公司在哪里？"/>
            </tips>
            <!--已经确定家/公司的位置（按照格式只能单条，或替换为多条纯文本）-->
            <tips id="offer_do_save_poi">
                <tip name="正在设置[byname]的位置：[poi]，将为您导航到[single_offer]{save;single_offer}"/>
            </tips>
            <!--找到多个地点，展示搜索结果列表（按照格式只能单条，或替换为多条纯文本）-->
            <tips id="offer">
                <tip name="找到[x]，请问您要去哪一个？{val_join(x)}"/>
            </tips>
            <!--没有找到地点（按照格式只能单条，或替换为多条纯文本）-->
            <tips id="offer_none">
                <tip name="抱歉没找到[x]，请问您要去哪？{val_join(x)}"/>
            </tips>
            <!--确定导航点后执行导航（按照格式只能单条，或替换为多条纯文本）-->
            <tips id="offer_do">
                <tip name="准备导航去[single_offer]{single_offer}"/>
            </tips>
            <tips id="search_failed">
                <tip name="对不起，没有找到目的地"/>
            </tips>
            <tips id="search_timeout">
                <tip name="网络条件不佳，没有找到目的地"/>
            </tips>
            <tips id="network_abnomal">
                <tip name="网络不佳， 请使用本地导航"/>
            </tips>
        </domain>

        <!--音乐领域-->
        <domain id="music">
            <tips id="enter">
                <tip name="请问您要听什么歌？"/>
            </tips>
            <tips id="bye">
                <tip name="再见！"/>
            </tips>
            <tips id="overflow">
                <tip name="您的选择超出范围，请重新选择！"/>
                <tip name="请在可选范围内重新选择！"/>
            </tips>
            <!--找到多个歌曲，展示搜索结果列表（按照格式只能单条，或替换为多条纯文本）-->
            <tips id="offer">
                <tip name="找到[x]，请问您要听[single_request]？{val_join(x);single_request}"/>
            </tips>
            <!--确定歌曲后，执行播放（按照格式只能单条，或替换为多条纯文本）-->
            <tips id="offer_do">
                <tip name="准备播放[single_offer]，祝你一路好心情。{single_offer}"/>
            </tips>
            <!--没有找到歌曲（按照格式只能单条，或替换为多条纯文本）-->
            <tips id="offer_none">
                <tip name="抱歉没找到[x]，请问您想听什么歌呢？{val_join(x)}"/>
            </tips>
            <tips id="network_abnomal">
                <tip name="网络不佳， 为您打开本地音乐"/>
            </tips>
            <tips id="search_failed">
                <tip name="对不起，没有找到该歌曲"/>
            </tips>
            <tips id="search_timeout">
                <tip name="网络条件不佳，没有找到你想听的歌"/>
            </tips>
            <tips id="bluetooth_disconnect">
                <tip name="连接蓝牙后我才能帮您播放音乐哟"/>
            </tips>
        </domain>

        <!--附近领域-->
        <domain id="nearby">
            <tips id="enter">
                <tip name="您要去哪里呢？"/>
                <tip name="请说您要找的地方！"/>
                <tip name="请问你要去哪？"/>
            </tips>
            <tips id="bye">
                <tip name="再见！"/>
            </tips>
            <tips id="overflow">
                <tip name="您的选择超出范围，请重新选择！"/>
                <tip name="请在可选范围内重新选择！"/>
            </tips>
            <!--确定地点（按照格式只能单条，或替换为多条纯文本）-->
            <tips id="offer_do">
                <tip name="已经确定[single_offer]，请问您要导航还是打电话？...{single_offer}"/>
            </tips>
            <!--找到多个地点，展示搜索结果列表（按照格式只能单条，或替换为多条纯文本）-->
            <tips id="offer">
                <tip name="找到[x]，请问您要去哪一个？{val_join(x)}"/>
            </tips>
            <!--没有找到地点（按照格式只能单条，或替换为多条纯文本）-->
            <tips id="offer_none">
                <tip name="抱歉没找到[x]，请问您要去哪？{val_join(x)}"/>
            </tips>
            <!--导航开始-->
            <tips id="start">
                <tip name="开始为你导航"/>
            </tips>
            <!--目的地电话不正确-->
            <tips id="phonenumber_error">
                <tip name="对不起，电话号码不对哟"/>
            </tips>
            <tips id="search_failed">
                <tip name="对不起，没有相关信息"/>
            </tips>
            <tips id="search_timeout">
                <tip name="网络条件不佳，没有相关信息"/>
            </tips>
        </domain>

        <!--电话领域-->
        <domain id="phonecall">
            <tips id="enter">
                <tip name="您要打给谁呢？"/>
                <tip name="请说联系人名字。"/>
            </tips>
            <tips id="bye">
                <tip name="再见！"/>
            </tips>
            <tips id="overflow">
                <tip name="您的选择超出范围，请重新选择！"/>
                <tip name="请在可选范围内重新选择！"/>
            </tips>
            <!--找到多个联系人，展示联系人列表（按照格式只能单条，或替换为多条纯文本）-->
            <tips id="offer">
                <tip name="找到[x]的号码，请问您要打给哪个[slot2]？{val_join(x)}"/>
            </tips>
            <!--找到一个联系人，多个运营商（按照格式只能单条，或替换为多条纯文本）-->
            <tips id="inform_select">
                <tip name="找到[x]的号码，请问您要打给[y]？{val_join(x);select_choice(y)}"/>
            </tips>
            <!--已经确定联系人，执行打电话操作（按照格式只能单条，或替换为多条纯文本）-->
            <tips id="offer_do">
                <tip name="准‍备打给[single_offer]{single_offer}"/>
            </tips>
            <!--没有找到联系人（按照格式只能单条，或替换为多条纯文本）-->
            <tips id="offer_none">
                <tip name="抱歉没找到[x]的号码，请问您要打给谁？{val_join(x)}"/>
            </tips>
            <tips id="bluetooth_disconnect">
                <tip name="连接蓝牙后我才能帮您打电话哦"/>
            </tips>
            <tips id="phonenumber_error">
                <tip name="对不起，电话号码不对哟"/>
            </tips>
            <tips id="incommingcall_unknow">
                <tip name="您有未知号码的来电，接听还是拒绝"/>
            </tips>
            <tips id="imcommingcall">
                <tip name="您有%s的来电，接听还是拒绝"/>
            </tips>
            <tips id="outgoingcall">
                <tip name="%s确定还是取消"/>
            </tips>
            <tips id="recall">
                <tip name="准备%s确定还是取消"/>
            </tips>
            <tips id="recall_cancel">
                <tip name="操作已取消"/>
            </tips>
            <!--联系人没有同步成功，语音命令打电话给谁的提示语-->
            <tips id="contacts_unsync">
                <tip name="联系人没有同步成功"/>
            </tips>
        </domain>

        <!--网络电台领域-->
        <domain id="netfm">
            <tips id="enter">
                <tip name="你想听音乐节目，还是新闻节目？"/>
            </tips>
            <tips id="bye">
                <tip name="再见！"/>
            </tips>
            <tips id="overflow">
                <tip name="您的选择超出范围，请重新选择！"/>
                <tip name="请在可选范围内重新选择！"/>
            </tips>
            <!--搜索到不多于三个节目的情况（按照格式只能单条，或替换为多条纯文本）-->
            <tips id="inform_select">
                <tip name="找到[x]，请问您要收听[y]？{val_join(x);select_choice(y)}"/>
            </tips>
            <!--找到多个节目，展示列表（按照格式只能单条，或替换为多条纯文本）-->
            <tips id="offer">
                <tip name="找到[x]，请问您要听[single_request]？{val_join(x);single_request}"/>
            </tips>
            <!--已经确定节目，执行播放询问操作（按照格式只能单条，或替换为多条纯文本）-->
            <tips id="offer_do">
                <tip name="准备播放[single_offer]{single_offer}"/>
            </tips>
            <!--没有找到节目（按照格式只能单条，或替换为多条纯文本）-->
            <tips id="offer_none">
                <tip name="抱歉没找到[x]，我们换个节目吧？{val_join(x)}"/>
            </tips>
        </domain>

        <!--微信领域-->
        <domain id="wechat">
            <tips id="enter">
                <tip name="您要联系哪个微信好友呢？"/>
                <tip name="您要联系谁？"/>
            </tips>
            <tips id="bye">
                <tip name="再见！"/>
            </tips>
            <tips id="overflow">
                <tip name="您的选择超出范围，请重新选择！"/>
                <tip name="请在可选范围内重新选择！"/>
            </tips>
            <!--找到多个联系人，展示列表（按照格式只能单条，或替换为多条纯文本）-->
            <tips id="offer">
                <tip name="找到[x]相关联系人，请问您要联系哪个？{val_join(x)}"/>
            </tips>
            <!--已经确定联系人（按照格式只能单条，或替换为多条纯文本）-->
            <tips id="offer_do">
                <tip name="准备发微信给[single_offer]，请说发送内容。{single_offer}"/>
            </tips>
            <!--没有找到联系人（按照格式只能单条，或替换为多条纯文本）-->
            <tips id="offer_none">
                <tip name="抱歉没找到[x]，请问您要联系谁？{val_join(x)}"/>
            </tips>
            <tips id="login">
                <tip name="请先扫描登录后重新唤醒使用"/>
            </tips>
            <tips id="interact">
                <tip name="请说微信好友名称"/>
            </tips>
            <tips id="login_fail">
                <tip name="登录失败, 请重新扫描二维码登录"/>
            </tips>
            <tips id="login_fail">
                <tip name="登录失败, 请重新扫描二维码登录"/>
            </tips>
            <tips id="sync_ok">
                <tip name="登录成功，请说微信好友名称"/>
            </tips>
            <tips id="contacts_sync">
                <tip name="联系人同步尚未完成，请等待"/>
            </tips>
            <tips id="message_group">
                <tip name="%s的%s对你说："/>
            </tips>
            <tips id="message_person">
                <tip name="%s发来微信说："/>
            </tips>
            <tips id="message_unknow">
                <tip name="未知联系人发来微信说："/>
            </tips>
            <tips id="message_send">
                <tip name="请说微信内容"/>
            </tips>
            <tips id="message_location">
                <tip name="收到%s发来的位置信息，是否导航过去?"/>
            </tips>
            <tips id="select_over">
                <tip name="请在可选范围内进行选择"/>
            </tips>
            <tips id="unlogin">
                <tip name="请先登录微信"/>
            </tips>
            <tips id="loginout">
                <tip name="是否要注销微信"/>
            </tips>
            <tips id="network_abnomal">
                <tip name="网络不佳，请连接网络后再试"/>
            </tips>
        </domain>

        <domain id="vehiclemaintenance">
            <tips id="offer">
                <tip name="找到[x]，请问您要去哪一个？{val_join(x)}"/>
            </tips>
            <tips id="offer_do">
                <tip name="已经确定[single_offer]{single_offer}"/>
            </tips>
            <tips id="bye">
                <tip name="再见！"/>
            </tips>
            <tips id="offer_none">
                <tip name="抱歉没找到[x]，请问您要去哪？{val_join(x)}"/>
            </tips>
            <tips id="overflow">
                <tip name="您的选择超出范围，请重新选择！"/>
                <tip name="请在可选范围内重新选择！"/>
            </tips>
            <tips id="search_failed">
                <tip name="对不起，没有查到洗车相关信息"/>
            </tips>
            <tips id="search_timeout">
                <tip name="网络条件不佳，没有查到洗车相关信息"/>
            </tips>
        </domain>
        <domain id="musicrecognition">
            <tips id="search_timeout">
                <tip name="网络条件不佳，没有识别出结果"/>
            </tips>
            <tips id="start_search">
                <tip name="让我听一下,请稍等"/>
            </tips>
        </domain>

    </type>
</root>